[
    {
        "section": "The Bitch Crew",
        "disciplines": [
            {
                "discipline": "Dicks",
                "titles": [
                    {
                        "title": "The",
                        "names": [
                            "Mario Mario"
                        ]
                    },
                    {
                        "title": "Fat",
                        "names": [
                            "Luigi Mario"
                        ]
                    },
                    {
                        "title": "is",
                        "names": [
                            "This one is for my one and only true love\nPrincess Peach\nPeach, you're so cool\nAnd with my star, we're gonna rule\nPeach, understand\nI'm gonna love you 'til the very end\nPeaches, Peaches, Peaches, Peaches, Peaches\nPeaches, Peaches, Peaches, Peaches, Peaches\nI love you, oh\nPeaches, Peaches, Peaches, Peaches, Peaches\nPeaches, Peaches, Peaches, Peaches, Peaches\nI love you, oh\nMario, Luigi, and a Donkey Kong too\nA thousand troops of Koopas couldn't keep me from you\nPrincess Peach, at the end of the line\nI'll make you mine, oh\nPeaches, Peaches, Peaches, Peaches, Peaches\nPeaches, Peaches, Peaches, Peaches, Peaches\nI love you, oh\nPeaches, Peaches, Peach, Peach"
                        ]
                    }
                ]
            }
        ]
    }
]
